{"cameraMode":{"drawMode":0,"name":"Shaded","section":"Shading Mode"},"sceneLighting":false,"audioPlay":false,"sceneViewState":{"m_AlwaysRefresh":false,"showFog":true,"showSkybox":false,"showFlares":true,"showImageEffects":true,"showParticleSystems":true,"showVisualEffectGraphs":true,"m_FxEnabled":true},"in2DMode":false,"pivot":{"x":0.6047086715698242,"y":0.41766488552093508,"z":2.6278743743896486},"rotation":{"x":-0.2661043703556061,"y":0.6326476335525513,"z":-0.24597103893756867,"w":-0.6844357848167419},"size":2.1213202476501467,"orthographic":false}