{"cameraMode":{"drawMode":0,"name":"Shaded","section":"Shading Mode"},"sceneLighting":true,"audioPlay":false,"sceneViewState":{"m_AlwaysRefresh":false,"showFog":true,"showSkybox":true,"showFlares":true,"showImageEffects":true,"showParticleSystems":true,"showVisualEffectGraphs":true,"m_FxEnabled":true},"in2DMode":false,"pivot":{"x":0.29791367053985598,"y":20.355552673339845,"z":200.06520080566407},"rotation":{"x":-0.0901055783033371,"y":0.04241017997264862,"z":-0.0038569336757063867,"w":-0.9950323700904846},"size":2.1374995708465578,"orthographic":false}