{"cameraMode":{"drawMode":0,"name":"Shaded","section":"Shading Mode"},"sceneLighting":true,"audioPlay":false,"sceneViewState":{"m_AlwaysRefresh":false,"showFog":true,"showSkybox":true,"showFlares":true,"showImageEffects":true,"showParticleSystems":true,"showVisualEffectGraphs":true,"m_FxEnabled":true},"in2DMode":false,"pivot":{"x":-0.06962883472442627,"y":0.9695923328399658,"z":24.870098114013673},"rotation":{"x":-0.13858479261398316,"y":0.1763630360364914,"z":-0.025120971724390985,"w":-0.9742145538330078},"size":1.2375001907348633,"orthographic":false}