{"cameraMode":{"drawMode":0,"name":"Shaded","section":"Shading Mode"},"sceneLighting":false,"audioPlay":false,"sceneViewState":{"m_AlwaysRefresh":false,"showFog":true,"showSkybox":false,"showFlares":true,"showImageEffects":true,"showParticleSystems":true,"showVisualEffectGraphs":true,"m_FxEnabled":true},"in2DMode":false,"pivot":{"x":-0.25769519805908205,"y":7.038348197937012,"z":10.170621871948243},"rotation":{"x":-0.24562808871269227,"y":-0.24622146785259248,"z":0.06465984135866165,"w":-0.9353408813476563},"size":2.598076105117798,"orthographic":false}