{"cameraMode":{"drawMode":0,"name":"Shaded","section":"Shading Mode"},"sceneLighting":true,"audioPlay":false,"sceneViewState":{"m_AlwaysRefresh":false,"showFog":true,"showSkybox":true,"showFlares":true,"showImageEffects":true,"showParticleSystems":true,"showVisualEffectGraphs":true,"m_FxEnabled":true},"in2DMode":false,"pivot":{"x":-14.363910675048829,"y":2.6760809421539308,"z":-10.746101379394532},"rotation":{"x":-0.13599419593811036,"y":-0.27530810236930849,"z":0.03884229436516762,"w":-0.9509541988372803},"size":4.339979648590088,"orthographic":false}