{"cameraMode":{"drawMode":0,"name":"Shaded","section":"Shading Mode"},"sceneLighting":true,"audioPlay":false,"sceneViewState":{"m_AlwaysRefresh":false,"showFog":true,"showSkybox":true,"showFlares":true,"showImageEffects":true,"showParticleSystems":true,"showVisualEffectGraphs":true,"m_FxEnabled":true},"in2DMode":false,"pivot":{"x":22.433555603027345,"y":33.23242950439453,"z":224.66908264160157},"rotation":{"x":0.0777195394039154,"y":0.6908707022666931,"z":-0.07513941824436188,"w":0.7148936986923218},"size":0.8660253882408142,"orthographic":false}