{"cameraMode":{"drawMode":0,"name":"Shaded","section":"Shading Mode"},"sceneLighting":true,"audioPlay":false,"sceneViewState":{"m_AlwaysRefresh":false,"showFog":true,"showSkybox":true,"showFlares":true,"showImageEffects":true,"showParticleSystems":true,"showVisualEffectGraphs":true,"m_FxEnabled":true},"in2DMode":false,"pivot":{"x":-13.182242393493653,"y":11.871528625488282,"z":8.761489868164063},"rotation":{"x":-0.032512567937374118,"y":0.30850622057914736,"z":0.010557025671005249,"w":0.9506145119667053},"size":9.343714714050293,"orthographic":false}