{"cameraMode":{"drawMode":0,"name":"Shaded","section":"Shading Mode"},"sceneLighting":true,"audioPlay":false,"sceneViewState":{"m_AlwaysRefresh":false,"showFog":true,"showSkybox":true,"showFlares":true,"showImageEffects":true,"showParticleSystems":true,"showVisualEffectGraphs":true,"m_FxEnabled":true},"in2DMode":false,"pivot":{"x":0.05150270462036133,"y":6.5727858543396,"z":39.486209869384769},"rotation":{"x":-0.010828498750925064,"y":0.21316298842430116,"z":0.0024455911479890348,"w":0.976984977722168},"size":3.771442174911499,"orthographic":false}