{"cameraMode":{"drawMode":0,"name":"Shaded","section":"Shading Mode"},"sceneLighting":true,"audioPlay":false,"sceneViewState":{"m_AlwaysRefresh":false,"showFog":true,"showSkybox":true,"showFlares":true,"showImageEffects":true,"showParticleSystems":true,"showVisualEffectGraphs":true,"m_FxEnabled":true},"in2DMode":false,"pivot":{"x":3.001476526260376,"y":0.9415196180343628,"z":15.01542854309082},"rotation":{"x":0.01710030622780323,"y":-0.003908861428499222,"z":-0.00008160558354575187,"w":-0.9998728632926941},"size":1.27882981300354,"orthographic":false}