{"cameraMode":{"drawMode":0,"name":"Shaded","section":"Shading Mode"},"sceneLighting":true,"audioPlay":false,"sceneViewState":{"m_AlwaysRefresh":false,"showFog":true,"showSkybox":true,"showFlares":true,"showImageEffects":true,"showParticleSystems":true,"showVisualEffectGraphs":true,"m_FxEnabled":true},"in2DMode":false,"pivot":{"x":-13.201377868652344,"y":4.209018707275391,"z":9.720043182373047},"rotation":{"x":0.05164128541946411,"y":0.9435304403305054,"z":-0.27727004885673525,"w":0.17416052520275117},"size":11.643969535827637,"orthographic":false}