{"cameraMode":{"drawMode":0,"name":"Shaded","section":"Shading Mode"},"sceneLighting":true,"audioPlay":false,"sceneViewState":{"m_AlwaysRefresh":false,"showFog":true,"showSkybox":true,"showFlares":true,"showImageEffects":true,"showParticleSystems":true,"showVisualEffectGraphs":true,"m_FxEnabled":true},"in2DMode":false,"pivot":{"x":-11.89694595336914,"y":3.3529303073883058,"z":8.266291618347168},"rotation":{"x":0.009908470325171948,"y":0.06360110640525818,"z":-0.00017620738071855158,"w":0.9979854226112366},"size":11.643969535827637,"orthographic":false}